{"1": [0.01079471897407342, 0.010821334779649824, 0.010248825279362833, 0.009209240743177543, 0.008320028640539998, 0.0061911067386291405, 0.008475507255384197, 0.007323753037164217, 0.006514102889765223, 0.010232444816889277, 0.007796075098737427, 0.006919065332121545, 0.010408282884451529, 0.010189042326875305, 0.004444345802672442, 0.009002694529966583, 0.010500006829919998, 0.010502609469693582, 0.007970438597159693, 0.006369213166379489], "1.001": [0.010794502030797732, 0.010821186001584448, 0.010248190873931222, 0.009207669584526196, 0.008317805409257062, 0.006187962442974991, 0.008473405787110358, 0.007321118199158289, 0.006511060752577522, 0.010231724386707894, 0.007793771061835975, 0.006916568101553477, 0.010407762646593332, 0.010188249729782082, 0.004440643417493576, 0.009000936591065682, 0.010499591418071455, 0.010502216230441666, 0.007968166600272587, 0.006366564499782475], "1.005": [0.010793634324032207, 0.010820590932551872, 0.010245653860437392, 0.009201388058821333, 0.008308920679629395, 0.006175409156384476, 0.008465007037747573, 0.007310594242902858, 0.006498913203347763, 0.010228843240539635, 0.007784565557053572, 0.0069065923572475514, 0.010405682011204842, 0.01018508007807997, 0.004425871403048022, 0.008993909677144992, 0.010497929973405531, 0.010500643460182429, 0.00795908802325217, 0.006355986330791225], "1.01": [0.010792549790620687, 0.010819847140453727, 0.010242483856542098, 0.009193542964441255, 0.008297832842465729, 0.006159770817942362, 0.008454524263914406, 0.007297473532652631, 0.006483775502742238, 0.010225242937970568, 0.0077730823600316605, 0.006894151970857598, 0.010403081796201714, 0.010181119503954712, 0.004407490002028127, 0.008985136608540356, 0.01049585353566782, 0.010498677824024416, 0.007947760591342841, 0.006342800363888949], "1.05": [0.010783877691221485, 0.010813898623220328, 0.01021717492189757, 0.009131055102867254, 0.008209850218521055, 0.006036765165877271, 0.008371285331387953, 0.007193861617319054, 0.006364518815554858, 0.010196486155686213, 0.007682156281704989, 0.0067957901763266975, 0.010382303616453516, 0.010149494727371984, 0.004263725893549202, 0.008915373117255826, 0.010479256949075958, 0.010482966081314497, 0.00785796813029642, 0.006238765143745985], "1.1": [0.010773048126944816, 0.010806467635097846, 0.010185666396624674, 0.009053624032682074, 0.008101647762658358, 0.005888108922173596, 0.008268775739903249, 0.007067647729355606, 0.006219938458000952, 0.010160654688353983, 0.0075708050348184805, 0.006675684086963896, 0.01035639002066894, 0.010110113435368094, 0.004091951316254339, 0.008829211353484665, 0.01045854870046862, 0.010463359976166736, 0.007747764228312979, 0.006112267870346362], "1.25": [0.010740629799157742, 0.010784205859220842, 0.010091984020472086, 0.008825778022191274, 0.007788464697000801, 0.005473721740612537, 0.007971167850889648, 0.006709661537994001, 0.005814170778386732, 0.01005391953820204, 0.0072514219171121615, 0.006333394357920592, 0.010279042369961012, 0.009992961051375147, 0.003624975730025366, 0.00857749250272718, 0.010396673590896745, 0.010404765245750154, 0.007430205920111491, 0.005755041623557488], "1.5": [0.01068683288604485, 0.010747206466562756, 0.009938606752736539, 0.008460384414043304, 0.007302132216886474, 0.004874995656667852, 0.0075062225349310455, 0.006174341842524578, 0.005220223394020281, 0.009878531181974088, 0.00676395380782312, 0.005817590789550732, 0.010151429589865807, 0.009800966533022494, 0.0029834268092225613, 0.00817940975825831, 0.010294374973871182, 0.010307847935303647, 0.006941382537553383, 0.005226100342924222], "1.75": [0.01063332652059699, 0.01071033612653681, 0.009788591198848612, 0.00811210707622979, 0.006856315434230566, 0.004371005953022292, 0.007076798514168116, 0.005704126107083889, 0.004712505810307605, 0.009706224106255835, 0.006326003903789001, 0.005361505159938692, 0.010025423598470513, 0.009612966608182968, 0.002476965757339318, 0.007806274828134824, 0.010193100367754506, 0.010211848534011046, 0.006498072694095631, 0.004768057668580618], "2": [0.010580109031919414, 0.01067359438518091, 0.009641838807745244, 0.007780048883069056, 0.0064468598954137485, 0.003943225511933753, 0.0066794720215360235, 0.005288168014490714, 0.004275435606809872, 0.009536943769254144, 0.0059310844959122476, 0.004956646137259983, 0.009901003937835629, 0.009428871547233887, 0.002073871353095741, 0.007456119823134365, 0.010092839382539943, 0.010116758207972174, 0.006095135857442842, 0.004369278170096824], "2.25": [0.010527178786714705, 0.010636980785893963, 0.009498254594685604, 0.007463364286011786, 0.006070099165578741, 0.0035772084456416275, 0.006311209935641662, 0.0049177954471819225, 0.0038966417835691897, 0.009370636692862106, 0.005573688368175753, 0.004595886116331174, 0.009778150308842735, 0.009248593711002616, 0.001750444773642721, 0.007127158520101178, 0.0099935816652627, 0.01002256823928094, 0.005728081963267084, 0.004020273410610309], "3.375": [0.01029250310710035, 0.01047379336348204, 0.00888894680361473, 0.0062081914148575355, 0.004700514774651925, 0.002440260468966347, 0.004948047228976201, 0.0036557577086873765, 0.0026890669749075422, 0.00865765990692482, 0.0043188176710184534, 0.0033773341079724266, 0.00924415889850751, 0.00848233799601439, 0.0008924810087857902, 0.005868849889961114, 0.00955906692697629, 0.009609624787740625, 0.004425685294662099, 0.0028867094222944046], "4": [0.010164572034141737, 0.010384235901354743, 0.008574560861121733, 0.0056154612075334275, 0.004117220154103552, 0.0020332766679701866, 0.004354140819091083, 0.003150380233073207, 0.0022453952521888612, 0.008285434500964264, 0.0038024085578667096, 0.0029008124754729596, 0.008960376755482105, 0.008086604133153052, 0.0006476657341040492, 0.0052982189720018995, 0.009326026379094882, 0.009387730679832597, 0.003887037794006523, 0.002462429620961857], "5.0625": [0.009951010586546606, 0.010233771213111729, 0.008075669859941117, 0.004749155352511653, 0.0033303257053031513, 0.0015410594575847908, 0.003538381133308282, 0.0024904057202195886, 0.0017025656444036496, 0.0076892523872081914, 0.0031174798722536086, 0.0022949110060426765, 0.00849806776836153, 0.0074590130052503, 0.00040150430801957226, 0.004488420077262798, 0.008943040839548309, 0.009022397167069086, 0.0031758472791936147, 0.0019373920815153173], "7.59375": [0.009461496139534712, 0.009884178629143696, 0.007042331698527088, 0.0032314403198364997, 0.002114860445204247, 0.0008781175246070132, 0.0022433151997328627, 0.0015066044664092634, 0.0009683417679791582, 0.006437106328971056, 0.0020660345897075016, 0.001430018483843566, 0.007491716504194691, 0.00616641090959205, 0.00015995829356056616, 0.003125397470205227, 0.008093812193612462, 0.008209180992959298, 0.002107392753892374, 0.0012102649742257066], "8": [0.009385383046978396, 0.00982921261171598, 0.0068941554559523105, 0.003042986328005921, 0.0019764478470746184, 0.0008086123006157119, 0.0020933118173583924, 0.0013970039381103207, 0.0008917180340726528, 0.006256199580200795, 0.001944931382348774, 0.001335838817709817, 0.007341844122479085, 0.005982566584921845, 0.00014052470495109478, 0.002959630060584143, 0.007965364319256414, 0.008085783470977204, 0.0019871026807835993, 0.0011321080766042483], "11.390625": [0.00877532729080948, 0.009382409146766807, 0.005811753455975014, 0.0018728135525777976, 0.0011668977049609454, 0.0004254461937805515, 0.0012102914025539184, 0.0007704654293575467, 0.00047179839745144876, 0.004932649251428724, 0.0012191135768530048, 0.0007957036164720473, 0.006203759438657735, 0.0046603619086557245, 5.277299864388601e-05, 0.0019335729172876256, 0.006971030301472261, 0.007126702745883342, 0.0012780655196286729, 0.0006846221879083151],